{
  "namespace": "ui",
  "modern_white_content_button@common.button": {
    "$new_ui_button_panel|default": "ui.button_uikit_panel",
    "$button_content|default": "common.empty_panel",
    "controls": [
      {
        "default@$new_ui_button_panel": {
          "$new_ui_button_texture": "textures/main_button_default",
          "$img_color": [1, 1, 1],
          "$text_color": [0.3, 0.3, 0.3],
          "$secondary_text_color": [0.3, 0.3, 0.3],
          "$default_state": true,
          "layer": 1
        }
      },
      {
        "hover@$new_ui_button_panel": {
          "$new_ui_button_texture": "textures/main_button_hover",
          "$img_color": [1, 1, 1],
          "$text_color": [1, 1, 1],
          "$secondary_text_color": [1, 1, 1],
          "$hover_state": true,
          "layer": 2
        }
      },
      {
        "pressed@$new_ui_button_panel": {
          "$new_ui_button_texture": "textures/main_button_pressed",
          "$img_color": [1, 1, 1],
          "$text_color": [1, 1, 1],
          "$secondary_text_color": [1, 1, 1],
          "$pressed_state": true,
          "layer": 3
        }
      }
    ]
  },
  "modern_content_button@common.button": {
    "$new_ui_button_panel|default": "ui.button_uikit_panel",
    "$button_content|default": "common.empty_panel",
    "controls": [
      {
        "default@$new_ui_button_panel": {
          "$new_ui_button_texture": "textures/main_button_default",
          "$img_color": [0.3, 0.3, 0.3],
          "$text_color": [0.3, 0.3, 0.3],
          "$secondary_text_color": [0.3, 0.3, 0.3],
          "$default_state": true,
          "layer": 1
        }
      },
      {
        "hover@$new_ui_button_panel": {
          "$new_ui_button_texture": "textures/main_button_hover",
          "$img_color": [1, 1, 1],
          "$text_color": [1, 1, 1],
          "$secondary_text_color": [1, 1, 1],
          "$hover_state": true,
          "layer": 2
        }
      },
      {
        "pressed@$new_ui_button_panel": {
          "$new_ui_button_texture": "textures/main_button_pressed",
          "$img_color": [1, 1, 1],
          "$text_color": [1, 1, 1],
          "$secondary_text_color": [1, 1, 1],
          "$pressed_state": true,
          "layer": 3
        }
      }
    ]
  },
  "Snowfirewolf_button@common.button": {
    "locked_control": "locked",
    "$button_content|default": "common.empty_panel",
    "$button_shadow": false,
    "controls": [
      {
        "default@button_panel": {
          "layer": 2,
          "$default_state": true,
          "$text_color": [0.075, 0.075, 0.075],
          "$button_texture": "textures/main_button_default"
        }
      },
      {
        "hover@button_panel": {
          "layer": 3,
          "$hover_state": true,
          "$text_color": [1.0, 1.0, 1.0],
          "$button_texture": "textures/main_button_hover"
        }
      },
      {
        "pressed@button_panel": {
          "layer": 4,
          "$passed_state": true,
          "$text_color": [1.0, 1.0, 1.0],
          "$button_texture": "textures/main_button_pressed"
        }
      },
      {
        "locked@button_panel": {
          "$locked_state": true,
          "$border_visible": true,
          "$text_color": [1.0, 1.0, 1.0],
          "$button_texture": "textures/ui/disabledButtonNoBorder"
        }
      }
    ]
  },
  "main_button_default@button_panel": {
    "$text_color": [0.075, 0.075, 0.075],
    "layer": 1,
    "$default_glyph_color|default": [1.0, 1.0, 1.0],
    "$glyph_color": "$default_glyph_color",
    "$button_texture": "textures/main_button_default"
  },
  "main_button_hover@button_panel": {
    "layer": 2,
    "$text_color": [1.0, 1.0, 1.0],
    "$glyph_color": [1.0, 1.0, 1.0],
    "$button_texture": "textures/main_button_hover"
  },
  "main_button_pressed@button_panel": {
    "layer": 3,
    "$text_color": [1.0, 1.0, 1.0],
    "$glyph_color": [1.0, 1.0, 1.0],
    "$button_texture": "textures/main_button_pressed"
  },
  "main_button_locked@button_panel": {
    "$button_texture_size": ["100%-2px", "100%-2px"],
    "$text_color": [1.0, 1.0, 1.0],
    "$button_texture": "textures/ui/disabledButtonNoBorder",
    "$border_visible": true
  },
  "button_panel": {
    "type": "panel",
    "size": ["100%", "100%"],
    "$button_texture_size|default": ["100%", "100%"],
    "$button_content|default": "ui.button_label",
    "controls": [
      {
        "button_texture": {
          "type": "image",
          "$border_visible|default": false,
          "size": "$button_texture_size",
          "texture": "$button_texture",
          "$buttonimg|default": ["default", "default"],
          "controls": [
            {
              "button_content@$button_content": {
                "size": "$buttonimg",
                "layer": 2
              }
            },
            {
              "border": {
                "layer": -1,
                "$focus_border_size|default": ["100%+2px", "100%+2px"],
                "size": "$focus_border_size",
                "color": "$light_border_locked_color",
                "type": "image",
                "visible": "$border_visible",
                "texture": "textures/ui/focus_border_white"
              }
            }
          ]
        }
      }
    ]
  },

  "Snowfirewolf_toggle_button@common_toggles.light_ui_toggle": {
    "anchor_from": "top_left",
    "anchor_to": "top_left",
    "$button_content|default": "ui.button_label",
    "$toggle_name": "navigation_tab",
    "$toggle_group_default_selected": "$default_selector_toggle_index",
    "size": ["100%-2px", 29],
    "layer": 2,
    "$unchecked_control": "ui.main_button_default",
    "$checked_control": "ui.main_button_default",
    "$unchecked_hover_control": "ui.main_button_hover",
    "$checked_hover_control": "ui.main_button_hover",
    "$unchecked_locked_control": "common.empty_panel",
    "$unchecked_locked_hover_control": "common.empty_panel",
    "$checked_locked_control": "common.empty_panel",
    "$checked_locked_hover_control": "common.empty_panel",
    "$locked_texture": "",
    "$border_visible": false,
    "$radio_toggle_group": true,
    "$toggle_state_binding_name": "#toggle_state",
    "$toggle_on_hover_binding_name": "none",
    "$toggle_tab_focus_binding_type": "global",
    "$toggle_tab_focus_binding_name": "#navigation_tab_focus_precedence",
    "$toggle_group_forced_index": 0
  },

  "button_label": {
    "type": "label",
    "locked_alpha": 0.5,
    "shadow": "$button_shadow",
    "$button_shadow|default": false,
    "size": ["default", "default"],
    "color": "$text_color",
    "$button_text|default": "",
    "text": "$button_text"
  },

  "button_uikit_panel": {
    "type": "panel",
    "layer": 1,
    "size": ["100%", "100%"],
    "controls": [
      {
        "button_texture": {
          "type": "image",
          "texture": "$new_ui_button_texture",
          "size": ["100%", "100%"],
          "anchor_from": "center",
          "anchor_to": "center",
          "layer": 1
        }
      },
      {
        "button_content": {
          "type": "panel",
          "$button_content_size|default": ["100% - 6px", "100% - 6px"],
          "size": "$button_content_size",
          "controls": [
            {
              "button_type_panel@$button_content": {
                "color": "$img_color",
                "layer": 3
              }
            }
          ]
        }
      }
    ]
  },

  "borderless_form_fitting_button_panel": {
    "type": "panel",
    "layer": 1,
    "size": ["100%c", "100%c"],
    "$button_image|default": "common_buttons.button_image",
    "controls": [
      {
        "$button_image@$button_image": {
          "size": ["100%c", "100%c"],
          "layer": 1,
          "controls": [
            {
              "button_content": {
                "type": "panel",
                "size": ["100%c", "100%c"],
                "controls": [
                  {
                    "$button_type_panel@$button_type_panel": {
                      "layer": 3
                    }
                  }
                ]
              }
            }
          ]
        }
      }
    ]
  },

  "no_background_label_button_content": {
    "type": "stack_panel",
    "orientation": "horizontal",
    "size": ["100%c", 16],
    "controls": [
      {
        "panel_0": {
          "type": "panel",
          "size": ["4px", "100%"]
        }
      },
      {
        "label_panel": {
          "type": "panel",
          "size": ["100%c", "100%"],
          "controls": [
            {
              "label": {
                "type": "label",
                "text": "$button_text",
                "color": "$text_color",
                "size": ["default", "default"],
                "max_size": ["default", 10], // Per design buttons are single line text only
                "bindings": [
                  {
                    "binding_type": "$button_text_binding_type",
                    "binding_condition": "$button_binding_condition",
                    "binding_collection_name": "$button_text_grid_collection_name",
                    "binding_name": "$button_text",
                    "binding_name_override": "$button_text"
                  }
                ]
              }
            }
          ]
        }
      },
      {
        "panel_1": {
          "type": "panel",
          "size": ["3px", "100%"]
        }
      }
    ]
  },

  "label_button@ui.content_button": {
    "$button_type_panel": "common_buttons.new_ui_binding_button_label",
    "$font_type": "smooth"
  },

  "label_red_button@ui.label_button": {
    "$default_button_color": [0.72265625, 0, 0],
    "$default_text_color": [1, 1, 1],
    "$hover_button_color": [0.796875, 0.1953125, 0.1953125],
    "$hover_text_color": [1, 1, 1],
    "$pressed_button_color": [0.796875, 0.1953125, 0.1953125],
    "$pressed_text_color": [1, 1, 1]
  },

  "label_blue_button@ui.label_button": {
    "$default_button_color": [0, 0.29296875, 0.859375],
    "$default_text_color": [1, 1, 1],
    "$hover_button_color": [0.796875, 0.1953125, 0.1953125],
    "$hover_text_color": [1, 1, 1],
    "$pressed_button_color": [0.796875, 0.1953125, 0.1953125],
    "$pressed_text_color": [1, 1, 1]
  },

  "icon_button@ui.content_button": {
    "$button_type_panel": "$button_icon"
  },

  "icon_red_button@ui.icon_button": {
    "$default_button_color": [0.72265625, 0, 0],
    "$default_text_color": [1, 1, 1],
    "$hover_button_color": [0.796875, 0.1953125, 0.1953125],
    "$hover_text_color": [1, 1, 1],
    "$pressed_button_color": [0.796875, 0.1953125, 0.1953125],
    "$pressed_text_color": [1, 1, 1]
  },

  "icon_blue_button@ui.icon_button": {
    "$default_button_color": [0, 0.29296875, 0.859375],
    "$default_text_color": [1, 1, 1],
    "$hover_button_color": [0.796875, 0.1953125, 0.1953125],
    "$hover_text_color": [1, 1, 1],
    "$pressed_button_color": [0.796875, 0.1953125, 0.1953125],
    "$pressed_text_color": [1, 1, 1]
  },

  "exit_button@common.button": {
    "size": ["100%c", "16px"],

    "$pressed_button_name|default": "button.menu_exit",

    "$default_button_texture|default": "",
    "$hover_button_texture|default": "",
    "$pressed_button_texture|default": "",
    "$locked_button_texture|default": "",

    "$default_state|default": false,
    "$hover_state|default": false,
    "$pressed_state|default": false,

    "controls": [
      {
        "default@ui.exit_button_panel": {
          "layer": 1,
          "$border_color": "$light_border_default_color",
          "$border_layer": 2,
          "$default_state": true
        }
      },
      {
        "hover@ui.exit_button_panel": {
          "layer": 2,
          "$border_color": "$light_border_hover_color",
          "$border_layer": 3,
          "$hover_state": true
        }
      },
      {
        "pressed@ui.exit_button_panel": {
          "layer": 3,
          "$border_color": "$light_border_pressed_color",
          "$border_layer": 3,
          "$pressed_state": true
        }
      }
    ]
  },

  "no_background_content_button@common.button": {
    "size": ["100%c", "100%c"],
    "$button_state_panel": "ui.no_background_content_form_fitting_button_panel",
    "$anchor": "top_left", // Cannot override this or will cause unsolvable layout!
    "$button_text_max_size": ["100%c", 10],

    "$button_offset|default": [0, 3],
    "$pressed_button_offset|default": [0, 4],
    "$pressed_alpha|default": 0.5,
    "$locked_alpha": 1,

    // text color
    "$default_text_color|default": "$light_button_default_text_color",
    "$hover_text_color|default": [ 0.064, 0.428, 1.0 ],
    "$pressed_text_color|default": "$light_button_pressed_text_color",

    // For text bindings
    "$button_text_binding_type|default": "none",
    "$button_binding_condition|default": "none",
    "$button_text_grid_collection_name|default": "",
    "$border_visible": false,
    "$button_image_visible": false,
    "$button_content|default": "common.empty_panel",
    "$button_image|default": "common.empty_panel",

    // These states are for passing the button state to the button content - do not set these in a parent!
    "$default_state|default": false,
    "$hover_state|default": false,
    "$pressed_state|default": false,
    "$locked_state|default": false,

    "locked_control": "locked",

    "$default_button_texture|default": "",
    "$locked_button_texture|default": "textures/ui/disabledButtonNoBorder",

    "controls": [
      {
        "default@$button_state_panel": {
          "$new_ui_button_texture": "$default_button_texture",
          "$text_color": "$default_text_color",
          "$exit_button_color":[0,0,0],
          "$default_state": true,
          "layer": 1
        }
      },
      {
        "hover@$button_state_panel": {
          "$new_ui_button_texture": "$default_button_texture",
          "$text_color": "$hover_text_color",
          "$exit_button_color":[0,0,0],
          "$hover_state": true,
          "layer": 2
        }
      },
      {
        "pressed@$button_state_panel": {
          "$new_ui_button_texture": "$default_button_texture",
          "$text_color": "$hover_text_color",
          "$exit_button_color":[0,0,0],
          "$pressed_state": true,
          "layer": 3
        }
      },
      {
        "locked@$button_state_panel": {
          "$new_ui_button_texture": "$default_button_texture",
          "$text_color": "$default_text_color",
          "$locked_state": true,
          "layer": 1
        }
      }
    ]
  },

  "no_background_content_form_fitting_button_panel": {
    "type": "panel",
    "layer": 1,
    "$button_content|default": "common.empty_panel",
    "$button_size_override|default": ["100%c", "100%c"],
    "$button_image|default": "common_buttons.button_image",
    "size": "$button_size_override",
    "$content_alpha|default": 1,
    "anchor_from": "$anchor",
    "anchor_to": "$anchor",
    "controls": [
      {
        "$button_image@$button_image": {
          "size": ["100%c + 4px", "100%c"],
          "layer": 1,
          "controls": [
            {
              "$button_content@$button_content": {
                "layer": 3
              }
            }
          ]
        }
      }
    ]
  },

  "exit_tips_animation_offset_1": {
    "anim_type": "offset",
    "easing": "out_cubic",
    "duration": 0.5,
    "from": [0, 0],
    "to": [-4, 0],
    "next": "@ui.exit_tips_animation_offset_2"
  },

  "exit_tips_animation_offset_2": {
    "anim_type": "offset",
    "easing": "out_cubic",
    "duration": 0.5,
    "from": [-4, 0],
    "to": [0, 0],
    "next": "@ui.exit_tips_animation_offset_3"
  },

  "exit_tips_animation_offset_3": {
    "anim_type": "offset",
    "easing": "out_cubic",
    "duration": 0.5,
    "from": [0, 0],
    "to": [0, 0],
    "next": "@ui.exit_tips_animation_offset_1"
  },

  "exit_tips_animation_alpha_1": {
    "anim_type": "alpha",
    "duration": 4.25,
    "from": 0,
    "to": 0,
    "next": "@ui.exit_tips_animation_alpha_2"
  },

  "exit_tips_animation_alpha_2": {
    "anim_type": "alpha",
    "duration": 0.25,
    "from": 0,
    "to": 1,
    "next": "@ui.exit_tips_animation_alpha_3"
  },

  "exit_tips_animation_alpha_3": {
    "anim_type": "alpha",
    "duration": 2.75,
    "from": 1,
    "to": 1,
    "next": "@ui.exit_tips_animation_alpha_4"
  },

  "exit_tips_animation_alpha_4": {
    "anim_type": "alpha",
    "duration": 0.25,
    "from": 1,
    "to": 0,
    "next": "@ui.exit_tips_animation_alpha_1"
  },

  "exit_button_panel": {
    "type": "stack_panel",
    "orientation": "horizontal",
    "$hide_button_tips|default": false,
    "size": ["100%c", "16px"],
    "controls": [
      {
        "button": {
          "type": "panel",
          "size": [16, 16],
          "controls": [
            {
              "button": {
                "type": "image",
                "size": [8, 8],
                "texture": "textures/ui/ui_exit_button"
              }
            },
            {
              "border": {
                "type": "image",
                "size": [8, 8],
                "texture": "textures/ui/ui_exit_focus_border",
                "color": "$border_color",
                "layer": "$border_layer"
              }
            }
          ]
        }
      },
      {
        "chevron_panel": {
          "type": "panel",
          "ignored": "$hide_button_tips",
          "size": [8, 16],
          "controls": [
            {
              "left_chevron": {
                "type": "image",
                "size": [4, 7],
                "offset": "@ui.exit_tips_animation_offset_1",
                "alpha": "@ui.exit_tips_animation_alpha_1",
                "animation_reset_name": "screen_animation_reset",
                "propagate_alpha": true,
                "disable_anim_fast_forward": true,
                "texture": "textures/ui/chevron_left",
                "color": "$title_color"
              }
            }
          ]
        }
      },
      {
        "label_panel": {
          "type": "panel",
          "ignored": "$hide_button_tips",
          "size": ["100%c", 16],
          "controls": [
            {
              "label": {
                "type": "label",
                "offset": "@ui.exit_tips_animation_offset_1",
                "alpha": "@ui.exit_tips_animation_alpha_1",
                "animation_reset_name": "screen_animation_reset",
                "propagate_alpha": true,
                "disable_anim_fast_forward": true,
                "color": "$title_color",
                "text": "ui_exit_button.tips"
              }
            }
          ]
        }
      }
    ]
  }
}
