{
  "namespace": "screen_uikit",

  "all_bg": {
    "type": "image",
    "texture": "contents/sdk/com.ut.uikit/resources/screen_bg",
    "color": "$all_bg_color",
    "alpha": "$all_bg_alpha",
    "$all_bg_color|default": [1.0, 1.0, 1.0],
    "$all_bg_alpha|default": 1.0
  },

  "main_button_default@button_panel": {
    "$text_color": [0.075, 0.075, 0.075],
    "layer": 1,
    "$default_glyph_color|default": [1.0, 1.0, 1.0],
    "$glyph_color": "$default_glyph_color",
    "$button_texture": "textures/main_button_default"
  },
  "main_button_hover@button_panel": {
    "layer": 2,
    "$text_color": [1.0, 1.0, 1.0],
    "$glyph_color": [1.0, 1.0, 1.0],
    "$button_texture": "textures/main_button_hover"
  },
  "main_button_pressed@button_panel": {
    "layer": 3,
    "$text_color": [1.0, 1.0, 1.0],
    "$glyph_color": [1.0, 1.0, 1.0],
    "$button_texture": "textures/main_button_pressed"
  },
  "main_button_locked@button_panel": {
    "$button_texture_size": ["100%-2px", "100%-2px"],
    "$text_color": [1.0, 1.0, 1.0],
    "$button_texture": "textures/ui/disabledButtonNoBorder",
    "$border_visible": true
  },
  "button_panel": {
    "type": "panel",
    "size": ["100%", "100%"],
    "$button_texture_size|default": ["100%", "100%"],
    "$button_content|default": "screen_uikit.button_label",
    "controls": [
      {
        "button_texture": {
          "type": "image",
          "$border_visible|default": false,
          "size": "$button_texture_size",
          "texture": "$button_texture",
          "$buttonimg|default": ["default", "default"],
          "controls": [
            {
              "button_content@$button_content": {
                "size": "$buttonimg",
                "layer": 2
              }
            },
            {
              "border": {
                "layer": -1,
                "$focus_border_size|default": ["100%+2px", "100%+2px"],
                "size": "$focus_border_size",
                "color": "$light_border_locked_color",
                "type": "image",
                "visible": "$border_visible",
                "texture": "textures/ui/focus_border_white"
              }
            }
          ]
        }
      }
    ]
  },
  "button_label": {
    "type": "label",
    "locked_alpha": 0.5,
    "shadow": "$button_shadow",
    "$button_shadow|default": false,
    "size": ["default", "default"],
    "color": "$text_color",
    "$button_text|default": "",
    "text": "$button_text"
  },
  "button_toggle_default": {
    "type": "image",
    "size": ["100%", "100%"],
    "$text_color": [0.075, 0.075, 0.075],
    "texture": "textures/main_button_default",
    "controls": [
      {
        "button_content@screen_uikit.button_label": {
          "$button_shadow": false,
          "layer": 2
        }
      }
    ]
  },
  "button_toggle_hover@button_toggle_default": {
    "$text_color": [1.0, 1.0, 1.0],
    "texture": "textures/main_button_hover"
  },
  "button_toggle_pressed@button_toggle_default": {
    "$text_color": [1.0, 1.0, 1.0],
    "texture": "textures/main_button_pressed"
  },

  "option_toggle_on@settings_common.option_toggle_state_template": {
    "texture": "textures/gui/newgui/settings/toggle_on"
  },

  "option_toggle_off@settings_common.option_toggle_state_template": {
    "texture": "textures/gui/newgui/settings/toggle_off"
  },

  "option_toggle_on_hover@settings_common.option_toggle_state_template": {
    "texture": "textures/gui/newgui/settings/toggle_on_hover"
  },

  "option_toggle_off_hover@settings_common.option_toggle_state_template": {
    "texture": "textures/gui/newgui/settings/toggle_off_hover"
  },

  "option_toggle_on_locked@screen_uikit.option_toggle_on": {
    "alpha": 0.5
  },

  "option_toggle_off_locked@screen_uikit.option_toggle_off": {
    "alpha": 0.5
  },
  "option_toggle@settings_common.option_generic": {
    "$option_label|default": "",
    "$control_name": "screen_uikit.option_toggle_control",
    "$toggle_tts_header": "$option_label",
    "$one_line_layout": true
  },

  "option_toggle_control@common.toggle": {
    "layer": 2,
    "$toggle_state_binding_name|default": "$option_binding_name",
    "$toggle_enabled_binding_name|default": "$option_enabled_binding_name",
    "$toggle_enabled_binding_type|default": "global",
    "size": ["100%", "100%c"],
    "$binding_type": "global",
    "$binding_condition": "once",
    "$unchecked_control": "screen_uikit.option_toggle_off",
    "$checked_control": "screen_uikit.option_toggle_on",
    "$unchecked_hover_control": "screen_uikit.option_toggle_off_hover",
    "$checked_hover_control": "screen_uikit.option_toggle_on_hover",
    "$unchecked_locked_control": "screen_uikit.option_toggle_off_locked",
    "$unchecked_locked_hover_control": "screen_uikit.option_toggle_off_locked",
    "$checked_locked_control": "screen_uikit.option_toggle_on_locked",
    "$checked_locked_hover_control": "screen_uikit.option_toggle_on_locked",

    "$enable_directional_toggling": false,

    "enabled": "$enabled",
    "variables": [
      {
        "requires": "(not $option_enabled_binding_name or not $enabled)",
        "$toggle_enabled_binding_name": "#not_data_bound",
        "$toggle_enabled_binding_type": "none"
      }
    ]
  },

  "option_dropdown": {
    "type": "panel",
    "$option_generic_panel_size|default": ["100%", "100%c"],
    "size": "$option_generic_panel_size",
    "$option_enabled_binding_type|default": "global",
    "bindings": [
      {
        "binding_type": "$option_enabled_binding_type",
        "binding_name": "$option_enabled_binding_name",
        "binding_name_override": "#enabled"
      }
    ],
    "controls": [
      {
        "two_line_layout": {
          "$带文字描述|default": true,
          "$label_bindings|default": [],
          "type": "stack_panel",
          "orientation": "vertical",
          "size": ["100%", 34],
          "controls": [
            {
              "spacer_0": {
                "type": "panel",
                "visible": "$带文字描述",
                "size": [0, 2]
              }
            },
            {
              "option_label_panel": {
                "type": "panel",
                "$option_label_content|default": "screen_uikit.option_label_default",
                "visible": "$带文字描述",
                "size": ["100%", "100%c"],
                "controls": [{ "labels@$option_label_content": {} }]
              }
            },
            {
              "spacer_1": {
                "type": "panel",
                "visible": "$带文字描述",
                "size": [0, 1]
              }
            },
            {
              "contents@screen_uikit.togglecontents": {}
            }
          ]
        }
      }
    ]
  },
  "option_label_default": {
    "type": "label",
    "$option_label|default": "",
    "color": "$main_header_text_color",
    "size": ["100%", "default"],
    "offset": "$label_offset",
    "layer": 1,
    "text": "$option_label",
    "visible": "$带文字描述",
    "bindings": "$label_bindings",
    "locked_alpha": 0.5
  },
  "togglecontents@common.toggle": {
    "$toggle_required|default": "",
    "layer": 2,
    "size": ["100%", 30],
    "$toggle_enabled_binding_type": "global",
    "$binding_type": "global",
    "$binding_condition": "once",
    "$button_content": "screen_uikit.button_label",
    "$unchecked_control": "screen_uikit.main_button_default",
    "$checked_control": "screen_uikit.main_button_default",
    "$unchecked_hover_control": "screen_uikit.main_button_hover",
    "$checked_hover_control": "screen_uikit.main_button_hover",
    "$unchecked_locked_control": "screen_uikit.main_button_locked",
    "$unchecked_locked_hover_control": "screen_uikit.main_button_locked",
    "$checked_locked_control": "screen_uikit.main_button_locked",
    "$checked_locked_hover_control": "screen_uikit.main_button_locked",
    "$enabled|default": false,
    "enabled": "$enabled"
  },
  "inside_dropdown@screen_uikit.option_dropdown": {
    "bindings": [
      {
        "binding_name": "$toggle_required",
        "binding_name_override": "#visible"
      }
    ]
  },
  "textbox_default": {
    "type": "image",
    "texture": "textures/ui/textbox_default",
    "size": ["100%", "100%"]
  },
  "textbox_hover": {
    "type": "image",
    "texture": "textures/ui/textbox_hover",
    "size": ["100%", "100%"]
  },
  "text_edit_box@common.text_edit_box": {
    "$text_edit_box_label_offset": [1, 0],
    "$place_holder_text_color": [0.5, 0.5, 0.5],
    "$text_background_default": "screen_uikit.textbox_default",
    "$text_background_hover": "screen_uikit.textbox_hover",
    "$text_background_locked": "common.empty_panel"
  },
  "standard_scrolling@common.scrolling_panel": {
    "controls": [
      {
        "$scroll_view_name": {
          "type": "scroll_view",
          "scroll_speed": 15,
          "scrollbar_track_button": "",
          "scrollbar_touch_button": "",
          "touch_mode": false,
          "always_listen_to_input": false,
          "always_handle_pointer": false,
          "always_handle_scrolling": false,
          "scrollbar_track": "",
          "scrollbar_box": "",
          "scroll_content": "scrolling_content",
          "scroll_view_port": "scrolling_view_port",
          "scroll_box_and_track_panel": "bar_and_track",
          "$jump_to_bottom_on_update|default": false,
          "jump_to_bottom_on_update": "$jump_to_bottom_on_update",
          "$scroll_background_image_control|default": "common.scroll_indent_image",
          "$scroll_track_image_control|default": "common.scroll_indent_image",
          "button_mappings": [],
          "controls": [
            {
              "stack_panel": {
                "type": "stack_panel",
                "orientation": "horizontal",
                "anchor_to": "top_left",
                "anchor_from": "top_left",
                "size": ["100%", "100%"],
                "controls": [
                  {
                    "background_and_viewport@common.scroll_background_and_viewport": {}
                  },
                  {
                    "bar_and_track@common.empty_panel": {
                      "size": [1, "100%"],
                      "button_mappings": []
                    }
                  }
                ]
              }
            }
          ]
        }
      }
    ]
  },
  "bgback": {
    "type": "input_panel",
    "layer": 0,
    "size": ["100%", "100%"],
    "anchor_from": "center",
    "anchor_to": "center",
    "button_mappings": [
      {
        "from_button_id": "button.menu_select",
        "to_button_id": "button.menu_exit",
        "mapping_type": "pressed"
      }
    ]
  },
  "back_content_panel": {
    "type": "panel",
    "$back_button_text|default": "Back",
    "anchor_from": "top_left",
    "anchor_to": "top_left",
    "offset": [2, 6],
    "size": ["100%c", "100%c"],
    "controls": [
      {
        "back_button@ui.no_background_content_button": {
          "$pressed_button_name": "button.menu_exit",
          "$back_content|default": "screen_uikit.back_button_content",
          "$button_content": "$back_content",
          "$button_text": "$back_button_text",
          "layer": 200 //This should always be on top, let's ensure that
        }
      }
    ]
  },
  "back_button_content": {
    "type": "stack_panel",
    "orientation": "horizontal",
    "size": ["100%c", 16],
    "offset": [0, 2],
    "controls": [
      {
        "chevron_panel": {
          "type": "panel",
          "size": ["100%c", "100%c"],
          "controls": [
            {
              "left_chevron@common.chevron_image": {
                "texture": "textures/ui/chevron_left",
                "offset": [0, -1],
                "color": "$text_color"
              }
            }
          ]
        }
      },
      {
        "padding1": {
          "type": "panel",
          "size": [4, "100%"]
        }
      },
      {
        "label_panel": {
          "type": "panel",
          "size": ["100%c", "100%c"],
          "controls": [
            {
              "label@common_buttons.new_ui_binding_button_label": {
                "offset": [0, -2]
              }
            }
          ]
        }
      }
    ]
  },
  "menu_back_button_content": {
    "type": "stack_panel",
    "orientation": "horizontal",
    "size": ["100%c", 18],
    "offset": [-2, -4],
    "controls": [
      {
        "0": {
          "type": "panel",
          "size": [14, 14],
          "controls": [
            {
              "button": {
                "type": "image",
                "size": [12, 12],
                "texture": "textures/ui/ui_exit_button"
              }
            },
            {
              "border": {
                "type": "image",
                "size": [12, 12],
                "texture": "textures/ui/ui_exit_focus_border",
                "color": "$exit_button_color"
              }
            }
          ]
        }
      }
    ]
  },
  "uikit_screen": {
    "type": "panel",
    "$shadow_anchor|default": "center",
    "$shadow_offset|default": [0, 0],
    //Colors
    "$title_bar_color1": [0.9, 0.9, 0.9, 1],
    "$title_bar_color2": [0.8, 0.8, 0.8, 1],
    "$title_color": [0.3, 0.3, 0.3],
    "$menu_title_color": [0.3, 0.3, 0.3],
    "$divider_color": [0.3, 0.3, 0.3],
    "$sidebar_color": [0.9, 0.9, 0.9],
    "$content_color": [0.5, 0.5, 0.5],
    "$modern_screen_size|default": [370, 260],
    "$screen_type|default": "screen_uikit.include_tabs_screen",
    "controls": [
      {
        "screen_5@$screen_type": {
          "layer": 1,
          "size": "$modern_screen_size"
        }
      },
      {
        "screen_shadow_5": {
          "type": "panel",
          "anchor_from": "$shadow_anchor",
          "anchor_to": "$shadow_anchor",
          "offset": "$shadow_offset",
          "layer": 1,
          "size": "$modern_screen_size",
          "controls": [
            {
              "shadow_TEXTURE": {
                "type": "image",
                "layer": 2,
                "texture": "textures/ui/window_shadow",
                "size": ["100% + 22px", "100% + 22px"]
              }
            }
          ]
        }
      }
    ]
  },
  "include_menu_screen": {
    "type": "panel",
    "$left_title|default": "common.empty_panel",
    "$binding_right_side_title|default": [],
    "controls": [
      {
        "bg": {
          "type": "image",
          "texture": "textures/ui/Frame",
          "size": ["100% + 2px", "100% + 2px"]
        }
      },
      {
        "content_screen": {
          "type": "stack_panel",
          "orientation": "horizontal",
          "$left_scrolling_size|default": ["100%", "100% - 34px"],
          "$right_scrolling_size|default": ["100%", "100%"],
          "size": ["100%", "100%"],
          "controls": [
            {
              "menu_panel": {
                "type": "panel",
                "size": ["35%", "100%"],
                "$left_screen|default": "common.empty_panel",
                "controls": [
                  {
                    "bg_4": {
                      "type": "image",
                      "texture": "textures/ui/bg",
                      "alpha": 0.7,
                      "size": ["100%", "100%"],
                      "color": "$sidebar_color"
                    }
                  },
                  {
                    "screen_title_4@$left_title": {}
                  },
                  {
                    "left_screen_4@$left_screen": {
                      "anchor_from": "bottom_middle",
                      "anchor_to": "bottom_middle",
                      "size":"$left_scrolling_size"
                    }
                  }
                ]
              }
            },
            {
              "divider_panel": {
                "type": "panel",
                "size": ["1px", "100%"],
                "controls": [
                  {
                    "divider": {
                      "type": "image",
                      "size": ["100%", "100%"],
                      "texture": "textures/ui/bg",
                      "color": "$divider_color"
                    }
                  }
                ]
              }
            },
            {
              "content_panel": {
                "type": "stack_panel",
                "size": ["fill", "100%"],
                "controls": [
                  {
                    "content_panel_controls": {
                      "type": "panel",
                      "size": ["100%", "16px"],
                      "controls": [
                        {
                          "bg_3": {
                            "type": "custom",
                            "renderer": "gradient_renderer",
                            "color1": "$title_bar_color1",
                            "color2": "$title_bar_color2",
                            "size": ["100%", "100%"]
                          }
                        },
                        {
                          "right_side_title_3": {
                            "type": "label",
                            "anchor_from": "center",
                            "anchor_to": "center",
                            "layer": 2,
                            "color": "$title_color",
                            "text": "$right_side_title",
                            "$right_side_title|default": "",
                            "bindings": "$binding_right_side_title"
                          }
                        }
                      ]
                    }
                  },
                  {
                    "divider_panel": {
                      "type": "panel",
                      "size": ["100%", "1px"],
                      "controls": [
                        {
                          "divider": {
                            "type": "image",
                            "size": ["100%", "100%"],
                            "texture": "textures/ui/bg",
                            "color": "$divider_color"
                          }
                        }
                      ]
                    }
                  },
                  {
                    "content_panel": {
                      "type": "panel",
                      "size": ["100%", "fill"],
                      "$right_screen|default": "common.empty_panel",
                      "controls": [
                        {
                          "bg_2": {
                            "type": "image",
                            "texture": "textures/ui/bg",
                            "color": "$content_color",
                            "alpha": 0.9,
                            "size": ["100%", "100%"]
                          }
                        },
                        {
                          "right_screen_2@$right_screen": {
                            "anchor_from": "bottom_middle",
                            "anchor_to": "bottom_middle",
                            "size":"$right_scrolling_size"
                          }
                        }
                      ]
                    }
                  }
                ]
              }
            }
          ]
        }
      }
    ]
  },

  "tabs_panel": {
    "type": "panel",
    "$tab_navigation|default": "common.empty_panel",
    "size": ["100%", "32px"],
    "controls": [
      {
        "bg": {
          "type": "custom",
          "renderer": "gradient_renderer",
          "color1": "$title_bar_color1",
          "color2": "$title_bar_color2",
          "size": ["100%", "100%"]
        }
      },
      {
        "back_button_panel@screen_uikit.back_content_panel": {
          "anchor_from": "top_left",
          "anchor_to": "top_left"
        }
      },
      {
        "tab_navigation_panel@$tab_navigation": {
          "anchor_from": "center",
          "anchor_to": "center",
          "layer": 2
        }
      }
    ]
  },

  "include_tabs_screen": {
    "type": "panel",
    "anchor_from": "$shadow_anchor",
    "anchor_to": "$shadow_anchor",
    "offset": "$tabs_screen_offset",
    "$modern_tab_with_tabs|default": "screen_uikit.tabs_panel",
    "controls": [
      {
        "frame": {
          "type": "image",
          "texture": "textures/ui/Frame",
          "size": ["100% + 2px", "100% + 2px"]
        }
      },
      {
        "content_screen": {
          "type": "stack_panel",
          "$bg_2_alpha|default": 0.9,
          "size": ["100%", "100%"],
          "$screen_content_size": ["100%", "100%"],
          "controls": [
            {
              "content_panel": {
                "type": "stack_panel",
                "size": ["100%", "100%"],
                "controls": [
                  {
                    "tabs_panel@$modern_tab_with_tabs": {}
                  },
                  {
                    "divider_panel": {
                      "type": "panel",
                      "size": ["100%", "1px"],
                      "controls": [
                        {
                          "divider": {
                            "type": "image",
                            "size": ["100%", "100%"],
                            "texture": "textures/ui/bg",
                            "color": "$divider_color"
                          }
                        }
                      ]
                    }
                  },
                  {
                    "content_panel": {
                      "type": "panel",
                      "size": ["100%", "fill"],
                      "$with_tab_contents|default": "common.empty_panel",
                      "controls": [
                        {
                          "bg_2": {
                            "type": "image",
                            "texture": "textures/ui/bg",
                            "color": "$content_color",
                            "alpha": "$bg_2_alpha",
                            "size": ["100%", "100%"]
                          }
                        },
                        {
                          "screen_content_2@$with_tab_contents": {
                            "anchor_from": "bottom_middle",
                            "anchor_to": "bottom_middle"
                          }
                        }
                      ]
                    }
                  }
                ]
              }
            }
          ]
        }
      }
    ]
  },
  "include_cards_screen": {
    "type": "panel",
    "$cards_offset|default": [0, 0],
    "anchor_from": "$shadow_anchor",
    "anchor_to": "$shadow_anchor",
    "offset": "$cards_offset",
    "controls": [
      {
        "bg": {
          "type": "image",
          "texture": "textures/ui/Frame",
          "size": ["100% + 2px", "100% + 2px"]
        }
      },
      {
        "content_screen": {
          "type": "stack_panel",
          "orientation": "horizontal",
          "size": ["100%", "100%"],
          "controls": [
            {
              "content_panel": {
                "type": "stack_panel",
                "size": ["fill", "100%"],
                "controls": [
                  {
                    "content_panel": {
                      "type": "panel",
                      "size": ["100%", "fill"],
                      "$card_screen|default": "common.empty_panel",
                      "controls": [
                        {
                          "bg_3": {
                            "type": "custom",
                            "renderer": "gradient_renderer",
                            "color1": "$title_bar_color1",
                            "color2": "$title_bar_color2",
                            "size": ["100%", "100%"]
                          }
                        },
                        {
                          "right_screen_2@$card_screen": {
                            "anchor_from": "bottom_middle",
                            "anchor_to": "bottom_middle",
                            "size": ["100%", "100%"]
                          }
                        }
                      ]
                    }
                  }
                ]
              }
            }
          ]
        }
      }
    ]
  },
  "include_small_tabs_screen": {
    "type": "panel",
    "anchor_from": "top_middle",
    "anchor_to": "top_middle",
    "controls": [
      {
        "frame": {
          "type": "image",
          "texture": "textures/ui/Frame",
          "size": ["100% + 2px", "100% + 2px"]
        }
      },
      {
        "content_screen": {
          "type": "stack_panel",
          "size": ["100%", "100%"],
          "$screen_content_size": ["100%", "100%"],
          "controls": [
            {
              "tabs_panel": {
                "type": "panel",
                "$tab_navigation|default": "common.empty_panel",
                "size": ["100%", "32px"],
                "controls": [
                  {
                    "bg": {
                      "type": "custom",
                      "renderer": "gradient_renderer",
                      "color1": "$title_bar_color1",
                      "color2": "$title_bar_color2",
                      "size": ["100%", "100%"]
                    }
                  },
                  {
                    "tab_navigation_panel@$tab_navigation": {
                      "anchor_from": "center",
                      "anchor_to": "center",
                      "layer": 2
                    }
                  }
                ]
              }
            },
            {
              "divider_panel": {
                "type": "panel",
                "size": ["100%", "1px"],
                "controls": [
                  {
                    "divider": {
                      "type": "image",
                      "size": ["100%", "100%"],
                      "texture": "textures/ui/bg",
                      "color": "$divider_color"
                    }
                  }
                ]
              }
            },
            {
              "content_panel": {
                "type": "panel",
                "size": ["100%", "fill"],
                "$with_tab_contents|default": "common.empty_panel",
                "controls": [
                  {
                    "bg_2": {
                      "type": "image",
                      "texture": "textures/ui/bg",
                      "color": "$content_color",
                      "alpha": 0.9,
                      "size": ["100%", "100%"]
                    }
                  },
                  {
                    "screen_content_2@$with_tab_contents": {
                      "anchor_from": "bottom_middle",
                      "anchor_to": "bottom_middle"
                    }
                  }
                ]
              }
            }
          ]
        }
      }
    ]
  },
  "include_sidebar_title_screen": {
    "type": "panel",
    "$kit_size": ["100% - 8px", "100%"],
    "controls": [
      {
        "content_panel": {
          "type": "stack_panel",
          "orientation": "horizontal",
          "size": ["75%", "98%"],
          "controls": [
            {
              "space0": {
                "type": "panel",
                "size": [12, 0]
              }
            },
            {
              "sidebar_content@$sidebar_content": {}
            },
            {
              "space": {
                "type": "panel",
                "size": [4, 0]
              }
            },
            {
              "item_panel@$item": {}
            }
          ]
        }
      }
    ]
  }
}
