{
  "namespace": "store_common_uikit",

  "screen_fade_in_alpha_anim": {
    "anim_type": "alpha",
    "easing": "out_expo",
    "duration": 0.9,
    "from": 0.3,
    "to": 1
  },

  "store_back_icon": {
    "type": "image",
    "texture": "textures/ui/store/back_icon",
    "layer": 3,
    "size": [14, 11]
  },

  "store_back_button@common_buttons.light_glyph_button": {
    "$pressed_button_name": "button.menu_exit",
    "size": [19, 19],
    "$button_content": "ui.store_back_icon",
    "$pressed_alpha": 0.65
  },

  "search_button_content": {
    "type": "stack_panel",
    "orientation": "horizontal",
    "size": ["100%c", 16],
    "offset": [0, 2],
    "controls": [
      {
        "padding1": {
          "type": "panel",
          "size": [1, "100%"]
        }
      },
      {
        "search_icon_panel": {
          "type": "panel",
          "size": ["100%c", "100%"],
          "controls": [
            {
              "search_icon": {
                "type": "image",
                "anchor_from": "top_middle",
                "anchor_to": "top_middle",
                "size": [10, 10],
                "texture": "textures/ui/search_icon",
                "offset": [0, -2],
                "color": "$text_color"
              }
            }
          ]
        }
      },
      {
        "padding2": {
          "type": "panel",
          "size": [2, "100%"]
        }
      },
      {
        "label_panel": {
          "type": "panel",
          "size": ["100%c", "100%c"],
          "controls": [
            {
              "label@common_buttons.new_ui_binding_button_label": {
                "offset": [0, -2]
              }
            }
          ]
        }
      }
    ]
  },

  "search_button@ui.no_background_content_button": {
    "$button_text": "store.search.title",

    "$default_text_color": "$light_button_hover_text_color",

    "$button_content": "ui.search_button_content",
    "$button_type_panel": "common_buttons.form_fitting_button_content_panel",
    "$button_text_binding_type|default": "none",
    "$button_binding_condition|default": "none",
    "$button_text_grid_collection_name|default": "",
    "bindings": [
      {
        "binding_name": "(not #gamepad_helper_visible)",
        "binding_name_override": "#visible"
      }
    ],
    "button_mappings": [
      {
        "from_button_id": "button.menu_select",
        "to_button_id": "button.search",
        "mapping_type": "pressed"
      },
      {
        "from_button_id": "button.menu_ok",
        "to_button_id": "button.search",
        "mapping_type": "focused"
      }
    ]
  },

  "store_title_panel": {
    "type": "panel",
    "size": ["100%", "100%"],
    "$font_scale_factor": 1.5,
    "$font_size": ["default", 13.5],
    "controls": [
      {
        "title": {
          "type": "label",
          "anchor_from": "left_middle",
          "anchor_to": "left_middle",
          "font_scale_factor": "$font_scale_factor",
          "text": "$store_title",
          "size": "$font_size"
        }
      },
      {
        "search_button@ui.search_button": {
          "anchor_from": "right_middle",
          "anchor_to": "right_middle"
        }
      }
    ]
  },

  "store_product_page": {
    "type": "panel",
    "size": ["100%", "100%"],
    "$title_text|default": "",
    "$hide_status_with_coins|default": false,
    "$content_panel|default": "$content_panel",
    "controls": [
      {
        "button_bg": {
          "type": "custom",
          "renderer": "gradient_renderer",
          "color1": [0.8, 0.8, 0.8, 1],
          "color2": [0.6, 0.6, 0.6, 1],
          "anchor_from": "top_middle",
          "anchor_to": "top_middle",
          "size": ["100%", "16px"]
        }
      },
      {
        "content1@$content_panel": {
          "type": "panel",
          "anchor_from": "top_middle",
          "anchor_to": "top_middle",
          "size": ["100%", "16px"],
          "layer": 20001,
          "controls": [
            {
              "store_back_button@ui.back_content_panel": {}
            },
            {
              "section_title_label": {
                "type": "label",
                "anchor_from": "center",
                "anchor_to": "center",
                "text": "$title_text"
              }
            },
            {
              "title@common_store.status_with_coins": {
                "anchor_from": "top_right",
                "anchor_to": "top_right"
              }
            }
          ]
        }
      },
      {
        "content2@$content_panel": {
          "type": "panel",
          "layer": 1,
          "anchor_from": "center",
          "anchor_to": "center",
          "size": ["100%", "100%"]
        }
      }
    ]
  }
}
