{
  "namespace": "modern_create_worlds",
  "game_button@ui.Snowfirewolf_toggle_button": {
    "$toggle_view_binding_name": "game_button_toggle",
    "$glyph_texture": "textures/ui/controller_glyph_color",
    "$button_content": "modern_settings.toggle_button_control",
    "$glyph_size": [21, 14],
    "$button_text": "World Edit",
    "$toggle_property_bag": {
      "#panel_title": "createWorldScreen.game.settings"
    }
  },
  "cheat_button@ui.Snowfirewolf_toggle_button": {
    "$toggle_view_binding_name": "world_debug_button_toggle",
    "$default_glyph_color": [0.075, 0.075, 0.075],
    "$glyph_texture": "textures/ui/debug_glyph_color",
    "$button_content": "modern_settings.toggle_button_control",
    "$glyph_size": [22, 12],
    "$button_text": "Cheat Options",
    "$toggle_property_bag": {
      "#panel_title": "createWorldScreen.multiplayer.settings"
    }
  },
  "experiment_button@ui.Snowfirewolf_toggle_button": {
    "$toggle_view_binding_name": "multiplayer_button_toggle",
    "$default_glyph_color": [0.075, 0.075, 0.075],
    "$glyph_texture": "textures/ui/flask_glyph_color",
    "$button_content": "modern_settings.toggle_button_control",
    "$glyph_size": [22, 12],
    "$button_text": "Experiement",
    "$toggle_property_bag": {
      "#panel_title": "createWorldScreen.multiplayer.settings"
    }
  },
  "create_random_worlds_contents@modern_settings.default_settings_screen": {
    "$left_title": "modern_create_worlds.create_title",
    "$extra_panel":"modern_settings.re_and_be",
    "$uipack_is_world_edit": true,
    "$screen_type": "screen_uikit.include_menu_screen"
  },
  "create_worlds_from_templates_contents@modern_settings.default_settings_screen": {
    "$uipack_is_world_edit": true,
    "$extra_panel":"modern_settings.re_and_be",
    "$screen_type": "screen_uikit.include_menu_screen"
  },

  "create_title": {
    "type": "stack_panel",
    "anchor_from": "top_left",
    "anchor_to": "top_left",
    "size": [200, 20],
    "offset": [2, 6],
    "controls": [
      {
        "button": {
          "type": "panel",
          "size": [16, 10],
          "controls": [
            {
              "button": {
                "type": "image",
                "offset": [-2, -4],
                "size": [8, 8],
                "texture": "textures/ui/ui_exit_button"
              }
            },
            {
              "border": {
                "type": "image",
                "offset": [-2, -4],
                "size": [8, 8],
                "texture": "textures/ui/ui_exit_focus_border",
                "color": [0, 0, 0]
              }
            }
          ]
        }
      },
      {
        "line_two": {
          "type": "stack_panel",
          "orientation": "horizontal",
          "size": [127, 12],
          "controls": [
            {
              "padding": { "type": "panel", "size": [2, 0] }
            },
            {
              "create_title": {
                "type": "label",
                "layer": 2,
                "font_scale_factor": 1.4,
                "color": "white",
                "text": "ui_kit.NewWorld",
                "size": ["default", 12]
              }
            }
          ]
        }
      }
    ]
  },

  "两栏文本": {
    "type": "stack_panel",
    "size": ["100%", 10],
    "orientation": "horizontal",
    "controls": [
      {
        "0": {
          "type": "label",
          "$option_label_1|default": "",
          "color": "$main_header_text_color",
          "size": ["default", 10],
          "layer": 1,
          "text": "$option_label_1",
          "locked_alpha": 0.5
        }
      },
      {
        "1": {
          "type": "label",
          "$option_label_2|default": "",
          "color": "$main_header_text_color",
          "size": ["default", 10],
          "layer": 1,
          "text": "$option_label_2"
        }
      },
      {
        "2": {
          "type": "label",
          "$option_label_3|default": "",
          "color": "$main_header_text_color",
          "size": ["default", 10],
          "layer": 1,
          "text": "$option_label_3"
        }
      }
    ]
  },

  "game_section": {
    "type": "stack_panel",
    "size": ["100%", "100%c"],
    "anchor_from": "top_left",
    "anchor_to": "top_left",
    "$education_ios": "($education_edition and $is_ios)",
    "bindings": [
      {
        "binding_type": "view",
        "source_control_name": "game_button_toggle",
        "source_property_name": "#toggle_state",
        "target_property_name": "#visible"
      }
    ],
    "controls": [
      {
        "padding": {
          "type": "panel",
          "size": [0, 3]
        }
      },
      {
        "unlock_template_options_panel": {
          "type": "stack_panel",
          "orientation": "vertical",
          "size": ["100%", "100%c + 4px"],
          "bindings": [
            {
              "binding_name": "#is_world_template_locked",
              "binding_name_override": "#visible"
            }
          ],
          "controls": [
            {
              "option_info_label@settings_common.option_info_label": {
                "$container_text_binding_name": "#world_template_options_lock_warning_text",
                "$show_option_label": false
              }
            },
            {
              "unlock_template_options_button@ui.Snowfirewolf_button": {
                "size": ["100%", 30],
                "$button_text": "Unlock Template World Options",
                "$pressed_button_name": "unlock_templated_world_options",
                "bindings": [
                  {
                    "binding_name": "#player_has_world_template_option_unlock_permissions",
                    "binding_name_override": "#enabled"
                  }
                ]
              }
            }
          ]
        }
      },
      {
        "general_multiplayer_warning_label@world_section.cross_platform_warning_label": {
          "text": "#general_multiplayer_warning_text",
          "bindings": [
            {
              "binding_name": "#general_multiplayer_warning_text"
            },
            {
              "binding_name": "#general_multiplayer_warning_label_visible",
              "binding_name_override": "#visible"
            }
          ]
        }
      },

      {
        "xbl_multiplayer_warning_label@world_section.cross_platform_warning_label": {
          "ignored": "(not $is_xboxlive_enabled)",
          "text": "#xbl_multiplayer_warning_text",
          "bindings": [
            {
              "binding_name": "#xbl_multiplayer_warning_text"
            },
            {
              "binding_name": "#xbl_multiplayer_warning_label_visible",
              "binding_name_override": "#visible"
            }
          ]
        }
      },

      {
        "option_info_label@settings_common.option_info_label": {
          "$container_text_binding_name": "#achievement_warning_text",
          "$show_option_label": false
        }
      },

      {
        "stack": {
          "type": "stack_panel",
          "orientation": "horizontal",
          "size": ["100%", 26],
          "controls": [
            {
              // for world create
              "option_text_edit_0@screen_uikit.text_edit_box": {
                "size": ["100%-26px", 26],
                "ignored": "(not $is_world_create)",
                "$place_holder_text": "createWorldScreen.defaultName",
                "$option_label": "selectWorld.enterName",
                "$text_edit_box_content_binding_name": "#world_name",
                "$option_enabled_binding_name": "#world_name_enabled",
                "$text_box_name": "world_name_text_box",
                "$focus_override_right": "FOCUS_OVERRIDE_STOP",
                "$allow_data_binding": false
              }
            },
            {
              "padding_box": {
                "type": "panel",
                "size": [2, 0]
              }
            },
            {
              "level_texture_pack_button": {
                "size": [26, 26],
                "texture": "textures/main_button_default",
                "layer": 2,
                "type": "image",
                "controls": [
                  {
                    "level_texture_pack_button@ui.Snowfirewolf_toggle_button": {
                      "offset":[1,1],
                      "size": [24, 24],
                      "$button_content": "modern_settings.re_icon",
                      "$toggle_view_binding_name": "level_texture_pack_button_toggle",
                      "$toggle_group_forced_index": "$level_texture_pack_toggle_index"
                    }
                  }
                ]
              }
            }
          ]
        }
      },
      {
        // for world edit/show (databound)
        // edit is 'enabled', show is 'not enabled'
        "option_text_edit_1@screen_uikit.text_edit_box": {
          "size": ["100%", 26],
          "ignored": "$is_world_create",
          "$place_holder_text": "createWorldScreen.defaultName",
          "$option_label": "selectWorld.enterName",
          "$text_edit_box_content_binding_name": "#world_name",
          "$option_enabled_binding_name": "#world_name_enabled",
          "$text_box_name": "world_name_text_box",
          "$focus_override_right": "FOCUS_OVERRIDE_STOP",
          "$tts_override_control_value": " "
        }
      },
      {
        "padding_box1": {
          "type": "panel",
          "size": [0, 3]
        }
      },
      {
        "drop_1": {
          "type": "stack_panel",
          "size": ["100%", 44],
          "orientation": "horizontal",
          "controls": [
            {
              "1": {
                "type": "panel",
                "size": ["50%", 30],
                "$option_label_content": "modern_create_worlds.两栏文本",
                "$option_label_1": "createWorldScreen.gameMode.default",
                "$option_label_2": "/",
                "$option_label_3": "createWorldScreen.worldType",
                "bindings": [
                  {
                    "binding_type": "global",
                    "binding_name": "#world_game_mode_dropdown_enabled",
                    "binding_name_override": "#enabled"
                  }
                ],
                "controls": [
                  {
                    "创造@screen_uikit.inside_dropdown": {
                      "$toggle_name": "#world_game_mode_radio_creative",
                      "$button_text": "Survival Mode",
                      "$toggle_required": "#world_game_mode_radio_survival"
                    }
                  },
                  {
                    "生存@screen_uikit.inside_dropdown": {
                      "$toggle_name": "#world_game_mode_radio_survival",
                      "$button_text": "Creative Mode",
                      "$toggle_required": "#world_game_mode_radio_creative"
                    }
                  },
                  {
                    "3@screen_uikit.inside_dropdown": {
                      "$toggle_name": "#world_game_mode_radio_survival",
                      "$button_text": "Adventure Mode",
                      "$toggle_required": "#world_game_mode_radio_adventure"
                    }
                  }
                ]
              }
            },
            {
              "padding": {
                "type": "panel",
                "size": [2, 0]
              }
            },
            {
              "2": {
                "type": "panel",
                "size": ["50%", 30],
                "bindings": [
                  {
                    "binding_type": "global",
                    "binding_name": "#world_type_dropdown_enabled",
                    "binding_name_override": "#enabled"
                  }
                ],
                "$option_label": "",
                "controls": [
                  {
                    "1@screen_uikit.inside_dropdown": {
                      "$toggle_name": "#world_type_radio_flat",
                      "$button_text": "With Border",
                      "$toggle_required": "#world_type_radio_old"
                    }
                  },
                  {
                    "2@screen_uikit.inside_dropdown": {
                      "$toggle_name": "#world_type_radio_infinite",
                      "$button_text": "Grass Flat",
                      "$toggle_required": "#world_type_radio_flat"
                    }
                  },
                  {
                    "3@screen_uikit.inside_dropdown": {
                      "$toggle_name": "#world_type_radio_old",
                      "$button_text": "Infinite",
                      "$toggle_required": "#world_type_radio_infinite"
                    }
                  }
                ]
              }
            }
          ]
        }
      },
      {
        "drop_2": {
          "type": "stack_panel",
          "size": ["100%", 44],
          "orientation": "horizontal",
          "controls": [
            {
              "1": {
                "type": "panel",
                "size": ["33%", 30],
                "$option_label_content": "modern_create_worlds.两栏文本",
                "$option_label_1": "options.difficulty",
                "$option_label_2": "/可加入的玩家来源/",
                "$option_label_3": "permissions.title.settings",
                "controls": [
                  {
                    "1@screen_uikit.inside_dropdown": {
                      "$toggle_name": "#world_difficulty_radio_peaceful",
                      "$button_text": "Peaceful",
                      "$toggle_required": "#world_difficulty_radio_hard"
                    }
                  },
                  {
                    "2@screen_uikit.inside_dropdown": {
                      "$toggle_name": "#world_difficulty_radio_easy",
                      "$button_text": "Easy",
                      "$toggle_required": "#world_difficulty_radio_peaceful"
                    }
                  },
                  {
                    "3@screen_uikit.inside_dropdown": {
                      "$toggle_name": "#world_difficulty_radio_normal",
                      "$button_text": "Normal",
                      "$toggle_required": "#world_difficulty_radio_easy"
                    }
                  },
                  {
                    "4@screen_uikit.inside_dropdown": {
                      "$toggle_name": "#world_difficulty_radio_hard",
                      "$button_text": "Hard",
                      "$toggle_required": "#world_difficulty_radio_normal"
                    }
                  }
                ]
              }
            },
            {
              "padding_0": {
                "type": "panel",
                "size": [2, 0]
              }
            },
            {
              "2": {
                "type": "panel",
                "size": ["33%", 30],
                "bindings": [
                  {
                    "binding_type": "global",
                    "binding_name": "#xbl_show_broadcast_dropdown",
                    "binding_name_override": "#enabled"
                  }
                ],
                "$option_label": "",
                "controls": [
                  {
                    "1@screen_uikit.inside_dropdown": {
                      "$toggle_name": "#xbl_broadcast_invite_only",
                      "$button_text": "Friends's",
                      "$toggle_required": "#xbl_broadcast_friends_of_friends"
                    }
                  },
                  {
                    "2@screen_uikit.inside_dropdown": {
                      "$toggle_name": "#xbl_broadcast_friends_only",
                      "$button_text": "Only Invited",
                      "$toggle_required": "#xbl_broadcast_invite_only"
                    }
                  },
                  {
                    "3@screen_uikit.inside_dropdown": {
                      "$toggle_name": "#xbl_broadcast_friends_of_friends",
                      "$button_text": "Only Friends",
                      "$toggle_required": "#xbl_broadcast_friends_only"
                    }
                  }
                ]
              }
            },
            {
              "padding_1": {
                "type": "panel",
                "size": [2, 0]
              }
            },
            {
              "3": {
                "type": "panel",
                "size": ["33%", 30],
                "$option_label": "",
                "controls": [
                  {
                    "1@screen_uikit.inside_dropdown": {
                      "$toggle_name": "#permission_level_radio_visitor",
                      "$button_text": "Custom",
                      "$toggle_required": "#permission_level_radio_custom"
                    }
                  },
                  {
                    "2@screen_uikit.inside_dropdown": {
                      "$toggle_name": "#permission_level_radio_member",
                      "$button_text": "Only Vistor",
                      "$toggle_required": "#permission_level_radio_visitor"
                    }
                  },
                  {
                    "3@screen_uikit.inside_dropdown": {
                      "$toggle_name": "#permission_level_radio_operator",
                      "$button_text": "Member",
                      "$toggle_required": "#permission_level_radio_member"
                    }
                  },
                  {
                    "4@screen_uikit.inside_dropdown": {
                      "$toggle_name": "#permission_level_radio_custom",
                      "$button_text": "Operator",
                      "$toggle_required": "#permission_level_radio_operator"
                    }
                  }
                ]
              }
            }
          ]
        }
      },
      {
        "multiplayer_game_toggle@screen_uikit.option_toggle": {
          "$option_label": "options.multiplayergame",
          "$option_binding_name": "#multiplayer_game",
          "$option_enabled_binding_name": "#multiplayer_game_enabled",
          "$toggle_name": "multiplayer_game"
        }
      },
      {
        "server_visible_toggle@screen_uikit.option_toggle": {
          "$option_label": "options.servervisible",
          "$option_binding_name": "#server_visible",
          "$option_enabled_binding_name": "#server_visibility_enabled",
          "$toggle_name": "server_visible",
          "$focus_override_down": "FOCUS_OVERRIDE_STOP",
          "bindings": [
            {
              "binding_name": "#can_be_server_visible",
              "binding_name_override": "#visible"
            },
            {
              "binding_name": "#can_be_server_enabled",
              "binding_name_override": "#enabled"
            }
          ]
        }
      },
      {
        "starting_map_toggle@screen_uikit.option_toggle": {
          "$tts_section_header": "createWorldScreen.worldPreferences",
          "ignored": "$education_edition",
          "$option_label": "createWorldScreen.startWithMap",
          "$option_binding_name": "#start_with_map",
          "$option_enabled_binding_name": "#start_with_map_enabled",
          "$toggle_name": "start_with_map",
          "$focus_override_right": "FOCUS_OVERRIDE_STOP"
        }
      },
      {
        "bonus_chest_toggle@screen_uikit.option_toggle": {
          "$tts_section_header": "createWorldScreen.worldPreferences",
          "ignored": "$education_edition",
          "$option_label": "createWorldScreen.bonusChest",
          "$option_binding_name": "#bonus_chest",
          "$option_enabled_binding_name": "#bonus_chest_enabled",
          "$toggle_name": "bonus_chest",
          "$focus_override_right": "FOCUS_OVERRIDE_STOP"
        }
      },
      {
        "level_seed_selector@screen_uikit.text_edit_box": {
          "visible": "$uipack_is_world_edit",
          "size": ["100%", 26],
          "$place_holder_text": "World Seed",
          "$option_label": "createWorldScreen.levelSeed",
          "$text_edit_box_content_binding_name": "#world_seed",
          "$option_enabled_binding_name": "#world_seed_enabled",
          "$text_box_name": "world_seed_text_box"
        }
      },
      {
        "padding_box2": {
          "visible": "$uipack_is_world_edit",
          "type": "panel",
          "size": [0, 3]
        }
      },
      {
        "server_sim_distance_slider@settings_common.option_slider": {
          "$tts_section_header": "createWorldScreen.worldPreferences",
          "ignored": "($is_holographic)",
          "$option_label": "#server_sim_distance_slider_label",
          "$slider_name": "server_sim_distance",
          "$slider_value_binding_name": "#server_sim_distance",
          "$option_enabled_binding_name": "#server_sim_distance_enabled",
          "$slider_tts_text_value": "#server_sim_distance_text_value",
          "$slider_steps_binding_name": "#server_sim_distance_steps",
          "$label_bindings": [
            {
              "binding_name": "$option_label"
            }
          ]
        }
      },
      {
        "world_options_label@settings_common.option_group_label": {
          "$text": "createWorldScreen.worldSettings"
        }
      },
      {
        "pvp_toggle@screen_uikit.option_toggle": {
          "$tts_section_header": "createWorldScreen.worldSettings",
          "ignored": "$education_edition",
          "$option_label": "createWorldScreen.pvp",
          "$option_binding_name": "#pvp",
          "$option_enabled_binding_name": "#pvp_enabled",
          "$toggle_name": "pvp",
          "$focus_override_right": "FOCUS_OVERRIDE_STOP",
          "$toggle_binding_condition": "always_when_visible"
        }
      },
      {
        "show_coordinates_toggle@screen_uikit.option_toggle": {
          "$tts_section_header": "createWorldScreen.worldSettings",
          "$option_label": "createWorldScreen.showCoordinates",
          "$option_binding_name": "#show_coordinates",
          "$option_enabled_binding_name": "#show_coordinates_enabled",
          "$toggle_name": "show_coordinates",
          "$focus_override_right": "FOCUS_OVERRIDE_STOP",
          "$toggle_binding_condition": "always_when_visible"
        }
      },
      {
        "fire_spreads_toggle@screen_uikit.option_toggle": {
          "$tts_section_header": "createWorldScreen.worldSettings",
          "ignored": "$education_edition",
          "$option_label": "createWorldScreen.fireSpreads",
          "$option_binding_name": "#fire_spreads",
          "$option_enabled_binding_name": "#fire_spreads_enabled",
          "$toggle_name": "fire_spreads",
          "$focus_override_right": "FOCUS_OVERRIDE_STOP",
          "$toggle_binding_condition": "always_when_visible"
        }
      },
      {
        "tnt_explodes_toggle@screen_uikit.option_toggle": {
          "$tts_section_header": "createWorldScreen.worldSettings",
          "ignored": "$education_edition",
          "$option_label": "createWorldScreen.tntexplodes",
          "$option_binding_name": "#tnt_explodes",
          "$option_enabled_binding_name": "#tnt_explodes_enabled",
          "$toggle_name": "tnt_explodes",
          "$focus_override_right": "FOCUS_OVERRIDE_STOP",
          "$toggle_binding_condition": "always_when_visible"
        }
      },
      {
        "mob_loot_toggle@screen_uikit.option_toggle": {
          "$tts_section_header": "createWorldScreen.worldSettings",
          "ignored": "$education_edition",
          "$option_label": "createWorldScreen.mobLoot",
          "$option_binding_name": "#mob_loot",
          "$option_enabled_binding_name": "#mob_loot_enabled",
          "$toggle_name": "mob_loot",
          "$focus_override_right": "FOCUS_OVERRIDE_STOP",
          "$toggle_binding_condition": "always_when_visible"
        }
      },
      {
        "natural_regeneration_toggle@screen_uikit.option_toggle": {
          "$tts_section_header": "createWorldScreen.worldSettings",
          "ignored": "$education_edition",
          "$option_label": "createWorldScreen.naturalregeneration",
          "$option_binding_name": "#natural_regeneration",
          "$option_enabled_binding_name": "#natural_regeneration_enabled",
          "$toggle_name": "natural_regeneration",
          "$focus_override_right": "FOCUS_OVERRIDE_STOP",
          "$toggle_binding_condition": "always_when_visible"
        }
      },
      {
        "tile_drops_toggle@screen_uikit.option_toggle": {
          "$tts_section_header": "createWorldScreen.worldSettings",
          "ignored": "$education_edition",
          "$option_label": "createWorldScreen.tileDrops",
          "$option_binding_name": "#tile_drops",
          "$option_enabled_binding_name": "#tile_drops_enabled",
          "$toggle_name": "tile_drops",
          "$focus_override_right": "FOCUS_OVERRIDE_STOP",
          "$toggle_binding_condition": "always_when_visible"
        }
      },
      {
        "immediate_respawn_toggle@screen_uikit.option_toggle": {
          "$tts_section_header": "createWorldScreen.worldSettings",
          "$option_label": "createWorldScreen.immediaterespawn",
          "$option_binding_name": "#immediaterespawn",
          "$option_enabled_binding_name": "#immediaterespawn_enabled",
          "$toggle_name": "doimmediaterespawn",
          "$focus_override_right": "FOCUS_OVERRIDE_STOP",
          "$toggle_binding_condition": "always_when_visible"
        }
      },
      {
        "respawnRadius": {
          "type": "label",
          "color": "$main_header_text_color",
          "size": ["default", 10],
          "layer": 1,
          "text": "createWorldScreen.respawnRadius"
        }
      },
      {
        "respawn_radius@screen_uikit.text_edit_box": {
          "size": ["100%", 26],
          "$option_label": "createWorldScreen.respawnRadius",
          "$text_edit_box_content_binding_name": "#respawn_radius",
          "$option_enabled_binding_name": "#respawn_radius_enabled",
          "$text_box_name": "respawn_radius_text_box",
          "$focus_override_right": "FOCUS_OVERRIDE_STOP",
          "$max_text_edit_length": 8,
          "$text_edit_box_text_type": "NumberChars"
        }
      },
      {
        "padding_box3": {
          "type": "panel",
          "size": [0, 3]
        }
      },
      {
        "editLocal": {
          "type": "label",
          "ignored": "(not $is_world_edit)",
          "color": "$main_header_text_color",
          "size": ["default", 10],
          "layer": 1,
          "text": "createWorldScreen.header.editLocal"
        }
      },
      {
        "player_and_icon": {
          "ignored": "(not $is_world_edit)",
          "type": "stack_panel",
          "orientation": "horizontal",
          "size": ["100%-2px", 32],
          "controls": [
            {
              "1@ui.Snowfirewolf_button": {
                "size": ["50%", 30],
                "$button_text": "Clear Player Data",
                "$pressed_button_name": "clear_player_data"
              }
            },
            {
              "padding": {
                "type": "panel",
                "size": [2, 0]
              }
            },
            {
              "2@ui.Snowfirewolf_button": {
                "size": ["50%", 30],
                "$button_text": "Reset World Icon",
                "$pressed_button_name": "template_image_picker_button"
              }
            }
          ]
        }
      },
      {
        "convert_to_infinite_button@ui.Snowfirewolf_button": {
          "ignored": "(not $is_pregame or not $is_world_edit)",
          "size": ["100%", 30],
          "$pressed_button_name": "convert_to_infinite_button",
          "$button_text": "Convert to Infinite World",
          "bindings": [
            {
              "binding_name": "#show_convert_to_infinite_button",
              "binding_name_override": "#visible"
            }
          ]
        }
      },
      {
        "padding22": {
          "type": "panel",
          "ignored": "(not $is_pregame or not $is_world_edit)",
          "bindings": [
            {
              "binding_name": "#show_convert_to_infinite_button",
              "binding_name_override": "#visible"
            }
          ],
          "size": [0, 2]
        }
      },
      {
        "button_panel": {
          "ignored": "(not $is_world_edit)",
          "type": "stack_panel",
          "orientation": "horizontal",
          "size": ["100%-2px", 32],
          "controls": [
            {
              "export_button@ui.Snowfirewolf_button": {
                "size": ["50%", 30],
                "$button_text": "Export as mcworld",
                "$pressed_button_name": "export_world_button"
              }
            },
            {
              "padding": {
                "type": "panel",
                "size": [2, 0]
              }
            },
            {
              "export_template_button@ui.Snowfirewolf_button": {
                "size": ["50%", 30],
                "$button_text": "Export mctemplate",
                "$pressed_button_name": "export_template_button"
              }
            }
          ]
        }
      },
      {
        "copy_world_button@ui.Snowfirewolf_button": {
          "ignored": "(not $is_world_edit)",
          "size": ["100%", 30],
          "$button_text": "Copy this World",
          "$pressed_button_name": "copy_world_button"
        }
      },
      {
        "padding21": {
          "type": "panel",
          "ignored": "(not $is_world_edit)",
          "size": [0, 2]
        }
      },
      {
        "delete_button@ui.Snowfirewolf_button": {
          "size": ["100%", 30],
          "ignored": "(not $is_world_edit)",
          "$button_text": "Delete this World",
          "$pressed_button_name": "delete_world_button"
        }
      },
      {
        "padding2122": {
          "type": "panel",
          "size": [0, 3]
        }
      }
    ]
  },
  "cheat_section": {
    "type": "stack_panel",
    "size": ["100%", "100%c"],
    "anchor_from": "top_left",
    "anchor_to": "top_left",
    "bindings": [
      {
        "binding_type": "view",
        "source_control_name": "world_debug_button_toggle",
        "source_property_name": "#toggle_state",
        "target_property_name": "#visible"
      }
    ],
    "controls": [
      {
        "padding": {
          "type": "panel",
          "size": [0, 3]
        }
      },
      {
        "allow_cheats_toggle@screen_uikit.option_toggle": {
          "$tts_section_header": "createWorldScreen.cheatSettings",
          "$option_label": "selectWorld.cheats",
          "$option_binding_name": "#allow_cheats",
          "$option_enabled_binding_name": "#allow_cheats_enabled",
          "$toggle_name": "allow_cheats",
          "$focus_override_right": "FOCUS_OVERRIDE_STOP",
          "$toggle_binding_condition": "always_when_visible"
        }
      },
      {
        "always_day_toggle@screen_uikit.option_toggle": {
          "$tts_section_header": "createWorldScreen.cheatSettings",
          "$option_label": "createWorldScreen.alwaysDay",
          "$option_binding_name": "#always_day",
          "$option_enabled_binding_name": "#always_day_enabled",
          "$toggle_name": "always_day",
          "$focus_override_right": "FOCUS_OVERRIDE_STOP",
          "$toggle_binding_condition": "always_when_visible"
        }
      },
      {
        "daylight_cycle_toggle@screen_uikit.option_toggle": {
          "$tts_section_header": "createWorldScreen.cheatSettings",
          "$option_label": "createWorldScreen.daylightcycle",
          "$option_binding_name": "#daylight_cycle",
          "$option_enabled_binding_name": "#daylight_cycle_enabled",
          "$toggle_name": "daylight_cycle",
          "$focus_override_right": "FOCUS_OVERRIDE_STOP",
          "$toggle_binding_condition": "always_when_visible"
        }
      },
      {
        "keep_inventory_toggle@screen_uikit.option_toggle": {
          "$tts_section_header": "createWorldScreen.cheatSettings",
          "$option_label": "createWorldScreen.keepInventory",
          "$option_binding_name": "#keep_inventory",
          "$option_enabled_binding_name": "#keep_inventory_enabled",
          "$toggle_name": "keep_inventory",
          "$focus_override_right": "FOCUS_OVERRIDE_STOP",
          "$toggle_binding_condition": "always_when_visible"
        }
      },
      {
        "mob_spawn_toggle@screen_uikit.option_toggle": {
          "$tts_section_header": "createWorldScreen.cheatSettings",
          "$option_label": "createWorldScreen.mobSpawn",
          "$option_binding_name": "#mob_spawn",
          "$option_enabled_binding_name": "#mob_spawn_enabled",
          "$toggle_name": "mob_spawn",
          "$focus_override_right": "FOCUS_OVERRIDE_STOP",
          "$toggle_binding_condition": "always_when_visible"
        }
      },
      {
        "mob_griefing_toggle@screen_uikit.option_toggle": {
          "$tts_section_header": "createWorldScreen.cheatSettings",
          "$option_label": "createWorldScreen.mobgriefing",
          "$option_binding_name": "#mob_griefing",
          "$option_enabled_binding_name": "#mob_griefing_enabled",
          "$toggle_name": "mob_griefing",
          "$focus_override_right": "FOCUS_OVERRIDE_STOP",
          "$toggle_binding_condition": "always_when_visible"
        }
      },
      {
        "entities_drop_loot_toggle@screen_uikit.option_toggle": {
          "$tts_section_header": "createWorldScreen.cheatSettings",
          "$option_label": "createWorldScreen.entitiesdroploot",
          "$option_binding_name": "#entities_drop_loot",
          "$option_enabled_binding_name": "#entities_drop_loot_enabled",
          "$toggle_name": "entities_drop_loot",
          "$focus_override_right": "FOCUS_OVERRIDE_STOP",
          "$toggle_binding_condition": "always_when_visible"
        }
      },
      {
        "weather_cycle_toggle@screen_uikit.option_toggle": {
          "$tts_section_header": "createWorldScreen.cheatSettings",
          "ignored": "$education_edition",
          "$option_label": "createWorldScreen.weathercycle",
          "$option_binding_name": "#weather_cycle",
          "$option_enabled_binding_name": "#weather_cycle_enabled",
          "$toggle_name": "weather_cycle",
          "$focus_override_right": "FOCUS_OVERRIDE_STOP",
          "variables": [
            {
              "requires": "$desktop_screen",
              "$one_line_layout": true
            },
            {
              "requires": "($is_world_edit and not $is_mp_client and not $trial and $is_pregame and not $pocket_edition and not $export_disabled and not $education_ios and $file_picking_supported)",
              "$focus_override_down": "export_world_button"
            },
            {
              "requires": "($is_world_edit and not $is_mp_client and not $trial and $is_pregame and ($pocket_edition or $export_disabled or $education_ios or not $file_picking_supported))",
              "$focus_override_down": "delete_world_button"
            }
          ],
          "$toggle_binding_condition": "always_when_visible"
        }
      },
      {
        "command_blocks_enabled_toggle@screen_uikit.option_toggle": {
          "$tts_section_header": "createWorldScreen.cheatSettings",
          "ignored": "$education_edition",
          "$option_label": "createWorldScreen.commandblocksenabled",
          "$option_binding_name": "#command_blocks_enabled",
          "$option_enabled_binding_name": "#command_blocks_enabled_on",
          "$toggle_name": "command_blocks_enabled",
          "$focus_override_right": "FOCUS_OVERRIDE_STOP",
          "$toggle_binding_condition": "always_when_visible"
        }
      },
      {
        "randomtickspeed": {
          "type": "label",
          "color": "$main_header_text_color",
          "bindings": [
            {
              "binding_type": "global",
              "binding_name": "#random_tick_speed_enabled",
              "binding_name_override": "#visible"
            }
          ],
          "size": ["default", 10],
          "layer": 1,
          "text": "createWorldScreen.randomtickspeed"
        }
      },
      {
        "random_tick_speed@screen_uikit.text_edit_box": {
          "size": ["100%", 26],
          "bindings": [
            {
              "binding_type": "global",
              "binding_name": "#random_tick_speed_enabled",
              "binding_name_override": "#visible"
            }
          ],
          "$text_edit_box_content_binding_name": "#random_tick_speed",
          "$max_text_edit_length": 4,
          "$text_edit_box_text_type": "NumberChars",
          "$option_text_edit_control_size": ["50%", "100%"],
          "$text_box_name": "random_tick_speed_text_box"
        }
      },
      {
        "padding_box4": {
          "type": "panel",
          "size": [0, 3]
        }
      },
      {
        "a@ui.Snowfirewolf_button": {
          "bindings": [
            {
              "binding_type": "global",
              "binding_name": "#random_tick_speed_enabled",
              "binding_name_override": "#visible"
            }
          ],
          "size": ["100%", 29],
          "$button_text": "Reset Random Tick Speed",
          "$pressed_button_name": "reset_random_tick_speed"
        }
      },
      {
        "padding_box5": {
          "type": "panel",
          "size": [0, 3]
        }
      }
    ]
  },
  "experience_section": {
    "type": "stack_panel",
    "size": ["100%", "100%c"],
    "anchor_from": "top_left",
    "anchor_to": "top_left",
    "bindings": [
      {
        "binding_type": "view",
        "source_control_name": "multiplayer_button_toggle",
        "source_property_name": "#toggle_state",
        "target_property_name": "#visible"
      }
    ],
    "controls": [
      {
        "experimental_toggles_label_info@settings_common.option_group_label": {
          "$text": "createWorldScreen.experimentalgameplayinfo"
        }
      },
      {
        "experimental_toggles": {
          "type": "stack_panel",
          "orientation": "vertical",
          "size": ["100%", "100%c"],
          "factory": {
            "name": "experimental_toggle_factory",
            "control_name": "modern_create_worlds.experimental_toggle"
          },

          "collection_name": "experimental_toggles",
          "bindings": [
            {
              "binding_name": "#experimental_toggle_count",
              "binding_name_override": "#collection_length"
            }
          ]
        }
      }
    ]
  },

  "experimental_toggle@screen_uikit.option_toggle": {
    "$tts_section_header": "createWorldScreen.worldSettings",
    "$toggle_tts_header_binding_type": "collection",
    "$toggle_tts_header_binding_collection_name": "experimental_toggles",
    "$option_label": "#text",
    "$option_binding_name": "#experimental_toggle_value",
    "$option_enabled_binding_name": "#experimental_toggle_enabled",
    "$toggle_name": "experimental_toggle",
    "$toggle_grid_collection_name": "experimental_toggles",
    "$toggle_collection_details_type": "collection_details",
    "$toggle_collection_detail_name": "experimental_toggles",
    "$toggle_binding_type": "collection",
    "$focus_override_right": "FOCUS_OVERRIDE_STOP",
    "bindings": [
      {
        "binding_name": "#show_experimental_toggle",
        "binding_name_override": "#visible"
      },
      {
        "binding_name": "#experimental_toggle_enabled",
        "binding_type": "collection",
        "binding_name_override": "#enabled",
        "binding_collection_name": "experimental_toggles"
      }
    ],
    "$label_bindings": [
      {
        "binding_name": "#experimental_toggle_text",
        "binding_name_override": "#text",
        "binding_type": "collection",
        "binding_collection_name": "experimental_toggles"
      }
    ]
  }
}
