{
  "text_edit_box": {
    "$edit_box_default|default": "common.edit_box_default",
    "$edit_box_hover|default": "common.edit_box_hover",
    "controls": [
      {
        "centering_panel": {
          "type": "panel",
          "size": ["100% - 6px", "100% - 4px"],
          "controls": [
            {
              "clipper_panel": {
                "type": "panel",
                "size": "$text_edit_clipping_panel_size",
                "anchor_from": "left_middle",
                "anchor_to": "left_middle",
                "offset": "$text_offset",
                "clips_children": true,
                "$disabled_color|default": "$color",
                "controls": [
                  {
                    "$text_edit_text_control@common.text_edit_box_label": {
                      "layer": 1,
                      "size": "$text_edit_box_label_size",
                      "offset": "$text_edit_box_label_offset",
                      "min_size": "$text_edit_box_label_min_size",
                      "anchor_from": "$text_edit_box_label_anchor_point",
                      "anchor_to": "$text_edit_box_label_anchor_point",
                      "font_size": "$font_size",
                      "$text_alpha|default": "$alpha",
                      "$locked_text_alpha|default": "$disabled_alpha",
                      "$locked_color|default": "$disabled_color"
                    }
                  },
                  {
                    "visibility_panel": {
                      "type": "panel",
                      "controls": [
                        {
                          "place_holder_control@$place_holder_control": {
                            "layer": 1,
                            "size": "$text_edit_box_label_size",
                            "offset": "$text_edit_box_label_offset",
                            "min_size": "$text_edit_box_label_min_size",
                            "anchor_from": "$text_edit_box_label_anchor_point",
                            "anchor_to": "$text_edit_box_label_anchor_point",
                            "$text_alpha|default": "$alpha",
                            "$locked_text_alpha|default": "$disabled_alpha",
                            "$locked_color|default": "$disabled_color"
                          }
                        }
                      ],

                      "bindings": [
                        {
                          "binding_type": "view",
                          "source_control_name": "$text_edit_text_control",
                          "source_property_name": "(#item_name = '')",
                          "target_property_name": "#visible",
                          "resolve_sibling_scope": true
                        }
                      ]
                    }
                  }
                ]
              }
            }
          ]
        }
      },
      {
        "locked": {
          "type": "panel",
          "$disabled_color|default": "$color",
          "controls": [
            {
              "edit_box_indent@$text_background_default": {
                "$color": "$disabled_color",
                "$alpha": "$disabled_alpha"
              }
            }
          ]
        }
      },
      { "default@$edit_box_default": {} },
      { "hover@$edit_box_hover": {} },
      { "pressed@$edit_box_hover": {} }
    ]
  },

  "edit_box_default@common.edit_box_indent": {
    "texture": "textures/ui/buttons/textbox_default"
  },

  "edit_box_hover@common.edit_box_indent": {
    "texture": "textures/ui/buttons/textbox_hover"
  },
  "screen_exit_animation_push_offset": {
    "anim_type": "offset",
    "easing": "out_cubic",
    "duration": 0.15,
    "from": [0, 0],
    "to": ["-100%", 0],
    "play_event": "screen.exit_push",
    "end_event": "screen.exit_end"
  },

  "screen_exit_animation_pop_offset": {
    "anim_type": "offset",
    "easing": "out_cubic",
    "duration": 0.15,
    "from": [0, 0],
    "to": ["100%", 0],
    "play_event": "screen.exit_pop",
    "end_event": "screen.exit_end"
  },

  "screen_entrance_animation_push_offset": {
    "anim_type": "offset",
    "easing": "out_cubic",
    "duration": 0.15,
    "from": ["100%", 0],
    "to": [0, 0],
    "play_event": "screen.entrance_push",
    "end_event": "screen.entrance_end"
  },

  "screen_entrance_animation_pop_offset": {
    "anim_type": "offset",
    "easing": "out_cubic",
    "duration": 0.15,
    "from": ["-100%", 0],
    "to": [0, 0],
    "play_event": "screen.entrance_pop",
    "end_event": "screen.entrance_end"
  },

  //container

  "container_screen_exit_animation_push": {
    "anim_type": "offset",
    "easing": "out_cubic",
    "duration": 0.15,
    "from": [0, 0],
    "to": [0, "100%"],
    "play_event": "screen.exit_push",
    "end_event": "screen.exit_end"
  },

  "container_screen_exit_animation_pop": {
    "anim_type": "offset",
    "easing": "out_cubic",
    "duration": 0.15,
    "from": [0, 0],
    "to": [0, "100%"],
    "play_event": "screen.exit_pop",
    "end_event": "screen.exit_end"
  },

  "container_screen_entrance_animation_push": {
    "anim_type": "offset",
    "easing": "out_cubic",
    "duration": 0.15,
    "from": [0, "100%"],
    "to": [0, 0],
    "play_event": "screen.entrance_push",
    "end_event": "screen.entrance_end"
  },

  "container_screen_entrance_animation_pop": {
    "anim_type": "offset",
    "easing": "out_cubic",
    "duration": 0.15,
    "from": [0, "100%"],
    "to": [0, 0],
    "play_event": "screen.entrance_pop",
    "end_event": "screen.entrance_end"
  },
  "dropdown/$dropdown_name": {
    "dropdown_area": ""
  }
}
