{
  "text_edit_box": {
    "type": "edit_box",

    "$focus_id|default": "",
    "$focus_override_down|default": "",
    "$focus_override_up|default": "",
    "$focus_override_left|default": "",
    "$focus_override_right|default": "",
    "focus_identifier": "$focus_id",
    "focus_change_down": "$focus_override_down",
    "focus_change_up": "$focus_override_up",
    "focus_change_left": "$focus_override_left",
    "focus_change_right": "$focus_override_right",
    "focus_enabled": true,

    "anchor_from": "center",
    "anchor_to": "center",
    "layer": 1,
    "enabled": "#enabled",

    "$text_box_name|default": "#text_box_name",
    "$text_box_enabled_binding_name|default": "#text_box_enabled",
    "$text_edit_box_enabled_binding_type|default": "global",
    "$text_edit_box_grid_collection_name|default": "",
    "$text_edit_clipping_panel_size|default": ["100%", "100%"],
    "$text_edit_box_label_size|default": ["default", "default"],
    "$text_edit_box_label_anchor_point|default": "right_middle",
    "$text_edit_box_label_min_size|default": ["100%", 0],
    "$text_edit_box_label_offset|default": [0, 0],

    "text_box_name": "$text_box_name",
    "text_edit_box_grid_collection_name": "$text_edit_box_grid_collection_name",

    "$deselectable_binding_type|default": "none",
    "$deselectable_binding_name|default": "#can_be_deselected",

    "$text_edit_box_focusable_binding_name|default": "#text_edit_box_focusable",

    "$text_edit_visible_binding_name|default": "#text_edit_box_visible",
    "$text_edit_visible_binding_collection_name|default": "",
    "$text_edit_visible_binding_type|default": "none",

    "$text_edit_type_name|default": "accessibility.textbox.tts.title",
    "$text_box_tts_header|default": "",
    "$tts_section_header|default": "",

    "tts_name": "$text_edit_type_name",
    "tts_control_header": "$text_box_tts_header",
    "tts_section_header": "$tts_section_header",

    "bindings": [
      {
        "binding_type": "$text_edit_box_enabled_binding_type",
        "binding_collection_name": "$text_edit_box_grid_collection_name",
        "binding_name": "$text_box_enabled_binding_name",
        "binding_name_override": "#enabled"
      },
      {
        "binding_type": "$deselectable_binding_type",
        "binding_name": "$deselectable_binding_name",
        "binding_name_override": "#can_be_deselected"
      },
      {
        "binding_type": "none",
        "binding_name": "$text_edit_box_focusable_binding_name",
        "binding_name_override": "#focus_enabled"
      },
      {
        "binding_name": "$text_edit_visible_binding_name",
        "binding_name_override": "#visible",
        "binding_type": "$text_edit_visible_binding_type",
        "binding_collection_name": "$text_edit_visible_binding_collection_name"
      }
    ],

    "locked_control": "locked",
    "default_control": "default",
    "hover_control": "hover",
    "pressed_control": "pressed",

    "max_length": 14,
    "$text_edit_box_text_type|default": "ExtendedASCII",
    "text_type": "$text_edit_box_text_type",
    "$edit_box_default|default": "common.edit_box_default",
    "$edit_box_hover|default": "common.edit_box_hover",
    "$text_edit_text_control|default": "display_text",
    "text_control": "$text_edit_text_control",
    "place_holder_control": "place_holder_control",

    "$text_edit_box_hovered_button_id|default": "button.text_edit_box_hovered",

    "$text_edit_box_clear_from_button_id|default": "button.menu_clear",
    "$text_edit_box_clear_to_button_id|default": "button.text_edit_box_clear",
    "$text_edit_box_clear_scope|default": "view",

    "$text_edit_box_selected_to_button_id|default": "button.text_edit_box_selected",
    "$text_edit_box_deselected_to_button_id|default": "button.text_edit_box_deselected",

    "button_mappings": [
      {
        "from_button_id": "button.menu_select",
        "to_button_id": "$text_edit_box_selected_to_button_id",
        "handle_select": true,
        "handle_deselect": true,
        "mapping_type": "pressed"
      },
      {
        "from_button_id": "button.menu_select",
        "to_button_id": "$text_edit_box_selected_to_button_id",
        "handle_select": false,
        "handle_deselect": true,
        "mapping_type": "global",
        // Deselect textbox and allow selection of another UI control with same mouse press
        "consume_event": false
      },
      {
        "from_button_id": "button.menu_ok",
        "to_button_id": "$text_edit_box_selected_to_button_id",
        "handle_select": true,
        "handle_deselect": true,
        "mapping_type": "pressed"
      },
      {
        "from_button_id": "button.menu_ok",
        "to_button_id": "$text_edit_box_selected_to_button_id",
        "handle_select": false,
        "handle_deselect": true,
        "mapping_type": "global"
      },
      {
        "from_button_id": "button.menu_cancel",
        "to_button_id": "$text_edit_box_deselected_to_button_id",
        "handle_select": false,
        "handle_deselect": true,
        "mapping_type": "global"
      },
      {
        "to_button_id": "$text_edit_box_hovered_button_id",
        "mapping_type": "pressed"
      },
      {
        "from_button_id": "$text_edit_box_clear_from_button_id",
        "to_button_id": "$text_edit_box_clear_to_button_id",
        "handle_select": false,
        "handle_deselect": false,
        "mapping_type": "focused"
      }
    ],

    "$shadow": false,
    "$font_size": "normal",
    "$color|default": [1, 1, 1, 1],
    "$alpha|default": 1.0,
    "$disabled_alpha|default": 0.5,
    "$text_offset|default": [0, 0],

    "controls": [
      {
        "centering_panel": {
          "type": "panel",
          "size": ["100% - 6px", "100% - 4px"],
          "controls": [
            {
              "clipper_panel": {
                "type": "panel",
                "size": "$text_edit_clipping_panel_size",
                "anchor_from": "left_middle",
                "anchor_to": "left_middle",
                "offset": "$text_offset",
                "clips_children": true,
                "$disabled_color|default": "$color",
                "controls": [
                  {
                    "$text_edit_text_control@common.text_edit_box_label": {
                      "layer": 1,
                      "size": "$text_edit_box_label_size",
                      "offset": "$text_edit_box_label_offset",
                      "min_size": "$text_edit_box_label_min_size",
                      "anchor_from": "$text_edit_box_label_anchor_point",
                      "anchor_to": "$text_edit_box_label_anchor_point",
                      "font_size": "$font_size",
                      "$text_alpha|default": "$alpha",
                      "$locked_text_alpha|default": "$disabled_alpha",
                      "$locked_color|default": "$disabled_color"
                    }
                  },
                  {
                    "visibility_panel": {
                      "type": "panel",
                      "controls": [
                        {
                          "place_holder_control@$place_holder_control": {
                            "layer": 1,
                            "size": "$text_edit_box_label_size",
                            "offset": "$text_edit_box_label_offset",
                            "min_size": "$text_edit_box_label_min_size",
                            "anchor_from": "$text_edit_box_label_anchor_point",
                            "anchor_to": "$text_edit_box_label_anchor_point",
                            "$text_alpha|default": "$alpha",
                            "$locked_text_alpha|default": "$disabled_alpha",
                            "$locked_color|default": "$disabled_color"
                          }
                        }
                      ],

                      "bindings": [
                        {
                          "binding_type": "view",
                          "source_control_name": "$text_edit_text_control",
                          "source_property_name": "(#item_name = '')",
                          "target_property_name": "#visible",
                          "resolve_sibling_scope": true
                        }
                      ]
                    }
                  }
                ]
              }
            }
          ]
        }
      },
      {
        "locked": {
          "type": "panel",
          "$disabled_color|default": "$color",
          "controls": [
            {
              "edit_box_indent@$text_background_default": {
                "$color": "$disabled_color",
                "$alpha": "$disabled_alpha"
              }
            }
          ]
        }
      },
      { "default@$edit_box_default": {} },
      { "hover@$edit_box_hover": {} },
      { "pressed@$edit_box_hover": {} }
    ]
  },

  "edit_box_default@common.edit_box_indent": {
    "texture": "textures/ui/buttons/textbox_default"
  },

  "edit_box_hover@common.edit_box_indent": {
    "texture": "textures/ui/buttons/textbox_hover"
  },
  "screen_exit_animation_push_offset": {
    "anim_type": "offset",
    "easing": "out_cubic",
    "duration": 0.15,
    "from": [0, 0],
    "to": ["-100%", 0],
    "play_event": "screen.exit_push",
    "end_event": "screen.exit_end"
  },

  "screen_exit_animation_pop_offset": {
    "anim_type": "offset",
    "easing": "out_cubic",
    "duration": 0.15,
    "from": [0, 0],
    "to": ["100%", 0],
    "play_event": "screen.exit_pop",
    "end_event": "screen.exit_end"
  },

  "screen_entrance_animation_push_offset": {
    "anim_type": "offset",
    "easing": "out_cubic",
    "duration": 0.15,
    "from": ["100%", 0],
    "to": [0, 0],
    "play_event": "screen.entrance_push",
    "end_event": "screen.entrance_end"
  },

  "screen_entrance_animation_pop_offset": {
    "anim_type": "offset",
    "easing": "out_cubic",
    "duration": 0.15,
    "from": ["-100%", 0],
    "to": [0, 0],
    "play_event": "screen.entrance_pop",
    "end_event": "screen.entrance_end"
  },

  //container

  "container_screen_exit_animation_push": {
    "anim_type": "offset",
    "easing": "out_cubic",
    "duration": 0.15,
    "from": [0, 0],
    "to": [0, "100%"],
    "play_event": "screen.exit_push",
    "end_event": "screen.exit_end"
  },

  "container_screen_exit_animation_pop": {
    "anim_type": "offset",
    "easing": "out_cubic",
    "duration": 0.15,
    "from": [0, 0],
    "to": [0, "100%"],
    "play_event": "screen.exit_pop",
    "end_event": "screen.exit_end"
  },

  "container_screen_entrance_animation_push": {
    "anim_type": "offset",
    "easing": "out_cubic",
    "duration": 0.15,
    "from": [0, "100%"],
    "to": [0, 0],
    "play_event": "screen.entrance_push",
    "end_event": "screen.entrance_end"
  },

  "container_screen_entrance_animation_pop": {
    "anim_type": "offset",
    "easing": "out_cubic",
    "duration": 0.15,
    "from": [0, "100%"],
    "to": [0, 0],
    "play_event": "screen.entrance_pop",
    "end_event": "screen.entrance_end"
  },
  "dropdown/$dropdown_name": {
    "dropdown_area": ""
  }
}
